movie_id,star_id,star_order
1,1,1
1,2,2
1,3,3
1,4,4
2,5,1
2,6,2
2,7,3
2,8,4
3,9,1
3,10,2
3,11,3
3,12,4
4,6,1
4,13,2
4,14,3
4,8,4
5,15,1
5,16,2
5,17,3
5,18,4
6,19,1
6,20,2
6,21,3
6,22,4
7,23,1
7,24,2
7,25,3
7,26,4
8,27,1
8,28,2
8,29,3
8,30,4
9,31,1
9,32,2
9,33,3
9,34,4
10,35,1
10,36,2
10,37,3
10,38,4
11,19,1
11,21,2
11,22,3
11,39,4
12,40,1
12,41,2
12,42,3
12,43,4
13,44,1
13,45,2
13,46,3
13,47,4
14,19,1
14,21,2
14,20,3
14,22,4
15,48,1
15,49,2
15,50,3
15,51,4
16,13,1
16,52,2
16,53,3
16,54,4
17,55,1
17,56,2
17,57,3
17,58,4
18,59,1
18,60,2
18,61,3
18,62,4
19,63,1
19,64,2
19,65,3
19,66,4
20,67,1
20,68,2
20,69,3
20,70,4
21,71,1
21,72,2
21,73,3
21,74,4
22,75,1
22,76,2
22,77,3
22,78,4
23,79,1
23,80,2
23,81,3
23,82,4
24,83,1
24,84,2
24,85,3
24,86,4
25,40,1
25,87,2
25,88,3
25,89,4
26,40,1
26,90,2
26,91,3
26,92,4
27,93,1
27,94,2
27,95,3
27,96,4
28,2,1
28,35,2
28,97,3
28,98,4
29,99,1
29,100,2
29,101,3
29,102,4
30,55,1
30,56,2
30,57,3
30,103,4
31,104,1
31,105,2
31,106,3
31,107,4
32,108,1
32,109,2
32,110,3
32,111,4
33,112,1
33,113,2
33,114,3
33,115,4
34,116,1
34,13,2
34,117,3
34,118,4
35,119,1
35,120,2
35,121,3
35,122,4
36,123,1
36,124,2
36,125,3
36,126,4
37,9,1
37,127,2
37,128,3
37,12,4
38,31,1
38,87,2
38,59,3
38,129,4
39,130,1
39,131,2
39,132,3
39,133,4
40,134,1
40,116,2
40,135,3
40,136,4
41,36,1
41,137,2
41,138,3
41,139,4
42,97,1
42,140,2
42,141,3
42,142,4
43,143,1
43,144,2
43,145,3
43,146,4
44,147,1
44,148,2
44,149,3
44,150,4
45,151,1
45,152,2
45,137,3
45,153,4
46,154,1
46,155,2
46,156,3
46,157,4
47,158,1
47,159,2
47,160,3
47,161,4
48,162,1
48,163,2
48,164,3
48,165,4
49,15,1
49,166,2
49,167,3
49,168,4
50,169,1
50,170,2
50,171,3
50,172,4
51,173,1
51,174,2
51,175,3
51,176,4
52,177,1
52,178,2
52,179,3
52,180,4
53,177,1
53,181,2
53,182,3
53,183,4
54,184,1
54,185,2
54,186,3
54,187,4
55,188,1
55,189,2
55,190,3
55,191,4
56,192,1
56,72,2
56,193,3
56,194,4
57,195,1
57,196,2
57,197,3
57,198,4
58,199,1
58,200,2
58,201,3
58,202,4
59,203,1
59,204,2
59,205,3
59,206,4
60,207,1
60,208,2
60,209,3
60,210,4
61,207,1
61,208,2
61,211,3
61,210,4
62,212,1
62,213,2
62,214,3
62,215,4
63,216,1
63,217,2
63,31,3
63,218,4
64,9,1
64,219,2
64,76,3
64,144,4
65,199,1
65,72,2
65,220,3
65,221,4
66,222,1
66,223,2
66,199,3
66,224,4
67,225,1
67,226,2
67,227,3
67,228,4
68,229,1
68,230,2
68,231,3
68,232,4
69,233,1
69,234,2
69,235,3
69,236,4
70,237,1
70,51,2
70,238,3
70,239,4
71,240,1
71,241,2
71,242,3
71,243,4
72,13,1
72,244,2
72,245,3
72,246,4
73,56,1
73,247,2
73,248,3
73,249,4
74,59,1
74,250,2
74,251,3
74,252,4
75,253,1
75,5,2
75,14,3
75,254,4
76,255,1
76,256,2
76,257,3
76,258,4
77,259,1
77,260,2
77,261,3
77,262,4
78,108,1
78,263,2
78,104,3
78,264,4
79,265,1
79,266,2
79,267,3
79,268,4
80,269,1
80,270,2
80,271,3
80,272,4
81,273,1
81,274,2
81,275,3
81,276,4
82,112,1
82,277,2
82,278,3
82,279,4
83,280,1
83,281,2
83,282,3
83,283,4
84,177,1
84,178,2
84,284,3
84,285,4
85,286,1
85,287,2
85,288,3
85,289,4
86,290,1
86,291,2
86,292,3
86,293,4
87,294,1
87,295,2
87,296,3
87,297,4
88,298,1
88,299,2
88,300,3
88,301,4
89,302,1
89,303,2
89,304,3
89,305,4
90,306,1
90,307,2
90,308,3
90,309,4
91,310,1
91,311,2
91,312,3
91,313,4
92,314,1
92,315,2
92,316,3
92,317,4
93,189,1
93,318,2
93,319,3
93,320,4
94,35,1
94,321,2
94,322,3
94,323,4
95,324,1
95,325,2
95,326,3
95,327,4
96,328,1
96,329,2
96,330,3
96,331,4
97,332,1
97,35,2
97,333,3
97,334,4
98,335,1
98,336,2
98,337,3
98,338,4
99,97,1
99,339,2
99,340,3
99,341,4
100,342,1
100,87,2
100,343,3
100,344,4
101,345,1
101,346,2
101,347,3
101,348,4
102,40,1
102,349,2
102,350,3
102,351,4
103,352,1
103,353,2
103,354,3
103,355,4
104,356,1
104,357,2
104,358,3
104,359,4
105,360,1
105,361,2
105,362,3
105,363,4
106,364,1
106,365,2
106,366,3
106,367,4
107,255,1
107,368,2
107,369,3
107,122,4
108,370,1
108,371,2
108,372,3
108,373,4
109,6,1
109,374,2
109,375,3
109,376,4
110,55,1
110,56,2
110,57,3
110,58,4
111,377,1
111,378,2
111,379,3
111,380,4
112,13,1
112,99,2
112,381,3
112,382,4
113,383,1
113,384,2
113,385,3
113,386,4
114,387,1
114,388,2
114,389,3
114,390,4
115,391,1
115,392,2
115,393,3
115,394,4
116,44,1
116,46,2
116,395,3
116,396,4
117,397,1
117,103,2
117,398,3
117,399,4
118,400,1
118,401,2
118,402,3
118,403,4
119,404,1
119,405,2
119,406,3
119,407,4
120,112,1
120,408,2
120,409,3
120,410,4
121,411,1
121,412,3
121,413,4
122,109,1
122,414,2
122,415,3
122,416,4
123,417,1
123,418,2
123,419,3
123,420,4
124,402,1
124,421,2
124,422,3
124,423,4
125,424,1
125,425,2
125,426,3
125,427,4
126,428,1
126,429,2
126,430,3
126,431,4
127,432,1
127,433,2
127,434,3
127,435,4
128,177,1
128,436,2
128,437,3
128,438,4
129,439,1
129,440,2
129,441,3
129,442,4
130,443,1
130,73,2
130,444,3
130,445,4
131,446,1
131,447,2
131,448,3
131,449,4
132,20,1
132,450,2
132,451,3
132,452,4
133,453,1
133,454,2
133,455,3
133,456,4
134,457,1
134,458,2
134,459,3
134,292,4
135,460,1
135,461,2
135,462,3
135,463,4
136,464,1
136,465,2
136,120,3
136,466,4
137,467,1
137,468,2
137,295,3
137,469,4
138,470,1
138,471,2
138,472,3
138,473,4
139,474,1
139,475,2
139,476,3
139,477,4
140,478,1
140,479,2
140,480,3
140,481,4
141,482,1
141,483,2
141,484,3
141,485,4
142,486,1
142,487,2
142,488,3
142,489,4
143,457,1
143,490,2
143,491,3
143,492,4
144,493,1
144,494,2
144,495,3
144,496,4
145,219,1
145,497,2
145,498,3
145,499,4
146,31,1
146,500,2
146,210,3
146,29,4
147,501,1
147,502,2
147,503,3
147,504,4
148,31,1
148,505,2
148,506,3
148,75,4
149,507,1
149,508,2
149,509,3
149,510,4
150,511,1
150,512,2
150,513,3
150,514,4
151,515,1
151,516,2
151,517,3
151,518,4
152,40,1
152,349,2
152,519,3
152,520,4
153,521,1
153,145,2
153,522,3
153,523,4
154,199,1
154,524,2
154,525,3
154,221,4
155,260,1
155,526,2
155,527,3
155,528,4
156,9,1
156,12,2
156,34,3
156,27,4
157,507,1
157,529,2
157,530,3
157,531,4
158,532,1
158,533,2
158,534,3
158,535,4
159,536,1
159,537,2
159,538,3
159,539,4
160,134,1
160,540,2
160,337,3
160,541,4
161,542,1
161,543,2
161,73,3
161,295,4
162,544,1
162,545,2
162,546,3
162,332,4
163,97,1
163,134,2
163,237,3
163,547,4
164,548,1
164,549,2
164,550,3
164,551,4
165,6,1
165,13,2
165,552,3
165,553,4
166,13,1
166,554,2
166,53,3
166,244,4
167,199,1
167,555,2
167,556,3
167,557,4
168,44,1
168,558,2
168,2,3
168,559,4
169,56,1
169,560,2
169,561,3
169,562,4
170,563,1
170,564,2
170,565,3
170,566,4
171,567,1
171,568,2
171,569,3
171,570,4
172,26,1
172,571,2
172,572,3
172,573,4
173,104,1
173,574,2
173,575,3
173,576,4
174,13,1
174,577,2
174,53,3
174,578,4
175,579,1
175,580,2
175,581,3
175,582,4
176,174,1
176,583,2
176,584,3
176,585,4
177,398,1
177,586,2
177,587,3
177,588,4
178,589,1
178,590,2
178,260,3
178,591,4
179,592,1
179,593,2
179,594,3
179,595,4
180,596,1
180,597,2
180,598,3
180,166,4
181,599,1
181,600,2
181,601,3
181,602,4
182,108,1
182,603,2
182,104,3
182,604,4
183,605,1
183,606,2
183,607,3
183,270,4
184,608,1
184,609,2
184,400,3
184,610,4
185,611,1
185,612,2
185,613,3
185,614,4
186,615,1
186,614,2
186,616,3
186,617,4
187,618,1
187,619,2
187,620,3
187,621,4
188,622,1
188,277,2
188,623,3
188,624,4
189,625,1
189,626,2
189,627,3
189,628,4
190,108,1
190,629,2
190,630,3
190,109,4
191,631,1
191,632,2
191,633,3
191,634,4
192,173,1
192,635,2
192,636,3
192,637,4
193,638,1
193,639,2
193,640,3
193,641,4
194,177,1
194,642,2
194,643,3
194,179,4
195,644,1
195,645,2
195,646,3
195,647,4
196,648,1
196,649,2
196,650,3
196,651,4
197,652,1
197,260,2
197,653,3
197,654,4
198,85,1
198,655,2
198,198,3
198,656,4
199,657,1
199,658,2
199,659,3
199,660,4
200,661,1
200,662,2
200,663,3
200,664,4
201,665,1
201,666,2
201,667,3
201,668,4
202,669,1
202,295,2
202,440,3
202,670,4
203,127,1
203,671,2
203,672,3
203,673,4
204,674,1
204,675,2
204,676,3
204,677,4
205,678,1
205,679,2
205,680,3
205,681,4
206,682,1
206,216,2
206,683,3
206,684,4
207,685,1
207,686,2
207,687,3
207,688,4
208,199,1
208,689,2
208,690,3
208,691,4
209,73,1
209,542,2
209,692,3
209,693,4
210,28,1
210,370,2
210,694,3
210,130,4
211,343,1
211,695,2
211,696,3
211,697,4
212,698,1
212,699,2
212,700,3
212,701,4
213,702,1
213,703,2
213,704,3
213,705,4
214,706,1
214,707,2
214,708,3
214,709,4
215,710,1
215,711,2
215,712,3
215,713,4
216,714,1
216,715,2
216,716,3
216,35,4
217,717,1
217,211,2
217,718,3
217,533,4
218,87,1
218,9,2
218,719,3
218,720,4
219,210,1
219,721,2
219,722,3
219,723,4
220,724,1
220,725,2
220,726,3
220,727,4
221,728,1
221,729,2
221,730,3
221,484,4
222,731,1
222,478,2
222,732,3
222,733,4
223,127,1
223,734,2
223,735,3
223,736,4
224,219,1
224,737,2
224,738,3
224,739,4
225,740,1
225,741,2
225,742,3
225,743,4
226,44,1
226,744,2
226,745,3
226,746,4
227,747,1
227,748,2
227,749,3
227,750,4
228,751,1
228,752,2
228,753,3
228,754,4
229,755,1
229,756,2
229,757,3
229,758,4
230,759,1
230,760,2
230,761,3
230,762,4
231,763,1
231,764,2
231,765,3
231,766,4
232,767,1
232,768,2
232,769,3
232,770,4
233,771,1
233,772,2
233,773,3
233,774,4
234,690,1
234,775,2
234,728,3
234,691,4
235,776,1
235,44,2
235,2,3
235,764,4
236,777,1
236,778,2
236,116,3
236,779,4
237,780,1
237,781,2
237,782,3
237,783,4
238,784,1
238,785,2
238,786,3
238,787,4
239,690,1
239,775,2
239,788,3
239,789,4
240,67,1
240,790,2
240,791,3
240,792,4
241,199,1
241,793,2
241,794,3
241,795,4
242,24,1
242,796,2
242,797,3
242,358,4
243,798,1
243,382,2
243,799,3
243,800,4
244,31,1
244,40,2
244,801,3
244,253,4
245,802,1
245,214,2
245,803,3
245,804,4
246,805,1
246,798,2
246,806,3
246,807,4
247,808,1
247,809,2
247,810,3
247,811,4
248,199,1
248,812,2
248,788,3
248,813,4
249,26,1
249,814,2
249,759,3
249,815,4
250,357,1
250,816,2
250,817,3
250,818,4
251,324,1
251,540,2
251,819,3
251,820,4
252,821,1
252,822,2
252,823,3
252,824,4
253,825,1
253,826,2
253,807,3
253,827,4
254,828,1
254,829,2
254,830,3
254,831,4
255,832,1
255,833,2
255,834,3
255,835,4
256,825,1
256,836,2
256,453,3
256,837,4
257,838,1
257,839,2
257,840,3
257,841,4
258,842,1
258,843,2
258,844,3
258,845,4
259,507,1
259,846,2
259,847,3
259,848,4
260,784,1
260,785,2
260,849,3
260,850,4
261,851,1
261,852,2
261,853,3
261,854,4
262,855,1
262,856,2
262,828,3
262,857,4
263,858,1
263,859,2
263,860,3
263,598,4
264,511,1
264,861,2
264,862,3
264,863,4
265,864,1
265,865,2
265,866,3
265,867,4
266,866,1
266,868,2
266,869,3
266,870,4
267,342,1
267,871,2
267,784,3
267,872,4
268,873,1
268,874,2
268,875,3
268,876,4
269,877,1
269,878,2
269,879,3
269,880,4
270,881,1
270,882,2
270,883,3
270,884,4
271,885,1
271,886,2
271,887,3
271,888,4
272,889,1
272,890,2
272,880,3
272,891,4
273,892,1
273,893,2
273,894,3
273,895,4
274,896,1
274,167,2
274,897,3
274,898,4
275,899,1
275,900,2
275,901,3
275,902,4
276,56,1
276,903,2
276,904,3
276,905,4
277,100,1
277,257,2
277,906,3
277,907,4
278,593,1
278,594,2
278,908,3
278,909,4
279,13,1
279,801,2
279,910,3
279,911,4
280,912,1
280,913,2
280,914,3
280,915,4
281,916,1
281,280,2
281,917,3
281,14,4
282,918,1
282,919,2
282,388,3
282,920,4
283,921,1
283,922,2
283,923,3
283,924,4
284,59,1
284,916,2
284,925,3
284,926,4
285,918,1
285,927,2
285,928,3
285,929,4
286,930,1
286,583,2
286,931,3
286,613,4
287,932,1
287,933,2
287,934,3
287,935,4
288,936,1
288,937,2
288,938,3
288,939,4
289,383,1
289,940,2
289,941,3
289,942,4
290,612,1
290,583,2
290,943,3
290,614,4
291,581,1
291,944,2
291,582,3
291,945,4
292,946,1
292,947,2
292,948,3
292,949,4
293,950,1
293,951,2
293,952,3
293,953,4
294,631,1
294,954,2
294,955,3
294,956,4
295,108,1
295,104,2
295,957,3
295,958,4
296,112,1
296,959,2
296,171,3
296,960,4
297,961,1
297,962,2
297,963,3
297,964,4
298,615,1
298,965,2
298,966,3
298,967,4
299,605,1
299,968,2
299,411,3
299,969,4
300,970,1
300,971,2
300,972,3
300,973,4
301,974,1
301,399,2
301,975,3
301,976,4
302,108,1
302,977,2
302,978,3
302,979,4
303,980,1
303,937,2
303,981,3
303,982,4
304,108,1
304,978,2
304,983,3
304,109,4
305,280,1
305,103,2
305,399,3
305,984,4
306,5,1
306,985,2
306,16,3
306,986,4
307,987,1
307,988,2
307,989,3
307,990,4
308,273,1
308,991,2
308,992,3
308,993,4
309,994,1
309,995,2
309,996,3
309,997,4
310,424,1
310,425,2
310,998,3
310,999,4
311,1000,1
311,1001,2
311,1002,3
311,1003,4
312,1004,1
312,112,2
312,1005,3
312,1006,4
313,1007,1
313,1008,2
313,633,3
313,1009,4
314,112,1
314,1010,2
314,176,3
314,1011,4
315,1012,1
315,1013,2
315,1014,3
315,1015,4
316,1016,1
316,1017,2
316,1018,3
316,282,4
317,1014,1
317,1019,2
317,1020,3
317,1021,4
318,1022,1
318,1023,2
318,1024,3
318,1025,4
319,177,1
319,1026,2
319,1027,3
319,1028,4
320,1029,1
320,1030,2
320,1031,3
320,1032,4
321,644,1
321,1033,3
321,1034,4
322,1035,1
322,1036,2
322,1037,3
322,1038,4
323,294,1
323,1039,2
323,1040,3
323,202,4
324,879,1
324,1041,2
324,1042,3
324,1043,4
325,542,1
325,1044,2
325,1045,3
325,1046,4
326,555,1
326,1047,2
326,484,3
326,1048,4
327,542,1
327,1049,2
327,461,3
327,652,4
328,1050,1
328,1051,2
328,1052,3
328,120,4
329,1053,1
329,1054,2
329,1055,3
329,1056,4
330,87,1
330,77,2
330,1057,3
330,1058,4
331,1059,1
331,1060,2
331,1061,3
331,1062,4
332,460,1
332,461,2
332,1063,3
332,1064,4
333,1065,1
333,7,2
333,1066,3
333,1067,4
334,675,1
334,1068,2
334,1069,3
334,1070,4
335,1071,1
335,1072,2
335,1073,3
335,1074,4
336,542,1
336,740,2
336,482,3
336,742,4
337,674,1
337,1075,2
337,1076,3
337,1077,4
338,1078,1
338,1079,2
338,1080,3
338,1081,4
339,1082,1
339,1083,2
339,1084,3
339,1085,4
340,1086,1
340,1087,2
340,1088,3
340,1089,4
341,56,1
341,1050,2
341,1090,3
341,1091,4
342,116,1
342,1092,2
342,128,3
342,1055,4
343,1093,1
343,1094,2
343,1095,3
343,1096,4
344,31,1
344,219,2
344,1097,3
344,1098,4
345,1099,1
345,748,2
345,1100,3
345,1101,4
346,1102,1
346,1103,2
346,1104,3
346,1105,4
347,289,1
347,1106,2
347,1107,3
347,1108,4
348,1051,1
348,735,2
348,1109,3
348,1110,4
349,1111,1
349,1112,2
349,1113,3
349,1114,4
350,1115,1
350,309,2
350,1116,3
350,1117,4
351,732,1
351,490,2
351,1118,3
351,1119,4
352,1120,1
352,1121,2
352,1122,3
352,1123,4
353,507,1
353,846,2
353,1124,3
353,1125,4
354,188,1
354,1126,2
354,1127,3
354,1128,4
355,1129,1
355,1053,2
355,1130,3
355,713,4
356,145,1
356,1131,2
356,842,3
356,1132,4
357,1102,1
357,1104,2
357,1133,3
357,1105,4
358,208,1
358,209,2
358,128,3
358,1134,4
359,1135,1
359,1136,2
359,1137,3
359,1138,4
360,75,1
360,1139,2
360,336,3
360,1140,4
361,1141,1
361,1142,2
361,1143,3
361,1144,4
362,31,1
362,1145,2
362,337,3
362,1146,4
363,87,1
363,1147,2
363,756,3
363,1148,4
364,1149,1
364,1150,2
364,1151,3
364,1152,4
365,1153,1
365,1154,2
365,1155,3
365,1156,4
366,1157,1
366,694,2
366,1158,3
366,1159,4
367,1160,1
367,1161,2
367,1162,3
367,1163,4
368,1164,1
368,1165,2
368,1166,3
368,1167,4
369,1168,1
369,1169,2
369,1170,3
369,1171,4
370,24,1
370,796,2
370,358,3
370,797,4
371,1172,1
371,1173,2
371,1174,3
371,1175,4
372,1176,1
372,1177,2
372,1178,3
372,1179,4
373,773,1
373,1180,2
373,1181,3
373,1182,4
374,134,1
374,1183,2
374,1184,3
374,1185,4
375,795,1
375,507,2
375,793,3
375,1186,4
376,1187,1
376,1188,2
376,828,3
376,1189,4
377,1190,1
377,1106,2
377,22,3
377,1083,4
378,832,1
378,1191,2
378,243,3
378,1192,4
379,1193,1
379,25,2
379,1194,3
379,1195,4
380,1196,1
380,1197,2
380,1198,3
380,1199,4
381,1054,1
381,1200,2
381,1201,3
381,930,4
382,1202,1
382,1203,2
382,687,3
382,1204,4
383,734,1
383,1205,2
383,1206,3
383,1207,4
384,1208,1
384,168,2
384,827,3
384,760,4
385,1209,1
385,1137,2
385,91,3
385,1210,4
386,1211,1
386,1212,2
386,1213,3
386,1214,4
387,1215,1
387,1216,2
387,1217,3
387,1218,4
388,1219,1
388,1220,2
388,303,3
388,1221,4
389,1222,1
389,1223,2
389,1224,3
389,1225,4
390,1226,1
390,1227,2
390,1228,3
390,1087,4
391,1229,1
391,1230,2
391,1231,3
391,1232,4
392,1233,1
392,1234,2
392,1235,3
392,1236,4
393,1237,1
393,1238,2
393,1239,3
393,1240,4
394,26,1
394,1241,2
394,35,3
394,1242,4
395,1243,1
395,1244,2
395,1245,3
395,1246,4
396,1247,1
396,1248,2
396,1249,3
396,1250,4
397,1251,1
397,1252,2
397,1253,3
397,1254,4
398,1255,1
398,1256,2
398,215,3
398,1257,4
399,6,1
399,1258,2
399,1259,3
399,1260,4
400,1261,1
400,1262,2
400,342,3
400,1263,4
401,1264,1
401,144,2
401,400,3
401,1265,4
402,1266,1
402,1267,2
402,1268,3
402,1269,4
403,1264,1
403,1206,2
403,1270,3
403,1271,4
404,146,1
404,1272,2
404,1273,3
404,1274,4
405,1275,1
405,1208,2
405,651,3
405,1276,4
406,1277,1
406,1278,2
406,1279,3
406,1280,4
407,1281,1
407,1282,2
407,41,3
407,1248,4
408,532,1
408,1283,2
408,1284,3
408,1285,4
409,1286,1
409,1287,2
409,1288,3
409,1289,4
410,1290,1
410,1291,2
410,1292,3
410,1293,4
411,151,1
411,152,2
411,368,3
411,1294,4
412,29,1
412,907,2
412,1295,3
412,1296,4
413,104,1
413,753,2
413,1297,3
413,575,4
414,265,1
414,401,2
414,1298,3
414,1299,4
415,1300,1
415,8,2
415,1301,3
415,1302,4
416,1303,1
416,385,2
416,1304,3
416,1305,4
417,6,1
417,910,2
417,1306,3
417,1307,4
418,1308,1
418,928,2
418,1309,3
418,1310,4
419,596,1
419,1275,2
419,1311,3
419,1312,4
420,335,1
420,615,2
420,1313,3
420,16,4
421,1007,1
421,12,2
421,1314,3
421,1315,4
422,1316,1
422,826,2
422,381,3
422,1317,4
423,1318,1
423,1319,2
423,1320,3
423,1321,4
424,852,1
424,1322,2
424,1323,3
424,1324,4
425,383,1
425,384,2
425,1325,3
425,941,4
426,1326,1
426,1327,2
426,1328,3
426,1329,4
427,974,1
427,1330,2
427,1331,3
427,1332,4
428,1275,1
428,906,2
428,1325,3
428,1333,4
429,1334,1
429,1335,2
429,1336,3
429,1337,4
430,1338,1
430,541,2
430,1339,3
430,1340,4
431,1341,1
431,1342,2
431,1343,3
431,986,4
432,44,1
432,395,2
432,1344,3
432,1345,4
433,1346,1
433,1347,2
433,167,3
433,1348,4
434,1349,1
434,1350,2
434,1351,3
434,1352,4
435,383,1
435,1353,2
435,1354,3
435,266,4
436,1346,1
436,1355,2
436,1347,3
436,1356,4
437,959,1
437,1357,2
437,1358,3
437,1359,4
438,112,1
438,1360,2
438,1361,3
438,1362,4
439,974,1
439,424,2
439,170,3
439,1363,4
440,1334,1
440,383,2
440,1364,3
440,1365,4
441,606,1
441,609,2
441,1366,3
441,1367,4
442,267,1
442,1368,2
442,1369,3
442,1370,4
443,1371,1
443,1372,2
443,1373,3
443,1374,4
444,398,1
444,980,2
444,1375,3
444,1376,4
445,1377,1
445,1378,2
445,1379,3
445,988,4
446,280,1
446,1380,2
446,1381,3
446,1382,4
447,599,1
447,1383,2
447,1384,3
447,1385,4
448,1015,1
448,5,2
448,1331,3
448,985,4
449,173,1
449,1386,2
449,1387,3
449,1388,4
450,1389,1
450,103,2
450,1390,3
450,1391,4
451,112,1
451,1392,2
451,1393,3
451,1394,4
452,1371,1
452,1395,2
452,273,3
452,1396,4
453,1397,1
453,999,2
453,1398,3
453,1399,4
454,1400,1
454,1401,2
454,1402,3
454,1403,4
455,1404,1
455,1401,2
455,968,3
455,1405,4
456,404,1
456,1406,2
456,1407,3
456,1365,4
457,173,1
457,1408,2
457,1409,3
457,428,4
458,15,1
458,1410,2
458,1411,3
458,1412,4
459,1012,1
459,1413,2
459,1414,3
459,1415,4
460,1416,1
460,1417,2
460,1418,3
460,1419,4
461,1420,1
461,1404,2
461,1421,3
461,1422,4
462,1423,1
462,1424,2
462,1425,3
462,1426,4
463,1427,1
463,1428,2
463,1429,3
463,1430,4
464,1168,1
464,209,2
464,1090,3
464,1431,4
465,439,1
465,1432,2
465,1433,3
465,1434,4
466,1435,1
466,1436,2
466,1437,3
466,1438,4
467,1439,1
467,128,2
467,1440,3
467,1441,4
468,1442,1
468,1443,2
468,1444,3
468,1445,4
469,1157,1
469,1446,2
469,1447,3
469,1448,4
470,1449,1
470,1450,2
470,36,3
470,1451,4
471,858,1
471,1452,2
471,1453,3
471,1454,4
472,20,1
472,287,2
472,1455,3
472,1456,4
473,1457,1
473,1458,2
473,1459,3
473,1460,4
474,211,1
474,1461,2
474,1462,3
474,210,4
475,734,1
475,1463,2
475,1464,3
475,1465,4
476,1466,1
476,1467,2
476,128,3
476,1468,4
477,1092,1
477,1134,2
477,1469,3
477,1444,4
478,1470,1
478,1471,2
478,1472,3
478,1098,4
479,784,1
479,785,2
479,1473,3
479,1474,4
480,671,1
480,21,2
480,127,3
480,1475,4
481,1476,1
481,1203,2
481,1477,3
481,1478,4
482,1479,1
482,1480,2
482,807,3
482,1481,4
483,1208,1
483,1482,2
483,1464,3
483,725,4
484,852,1
484,1483,2
484,1484,3
484,1485,4
485,13,1
485,6,2
485,53,3
485,356,4
486,1486,1
486,1487,2
486,1488,3
486,1489,4
487,455,1
487,97,2
487,1490,3
487,1491,4
488,1492,1
488,1493,2
488,1494,3
488,1495,4
489,1496,1
489,1497,2
489,1498,3
489,1499,4
490,1155,1
490,1500,2
490,1501,3
490,1502,4
491,669,1
491,1048,2
491,1503,3
491,1504,4
492,1505,1
492,1506,2
492,784,3
492,1507,4
493,1508,1
493,1509,2
493,1510,3
493,1511,4
494,1512,1
494,1513,2
494,1514,3
494,1515,4
495,1516,1
495,725,2
495,513,3
495,1517,4
496,1518,1
496,1519,2
496,1520,3
496,1521,4
497,34,1
497,1522,2
497,1523,3
497,1524,4
498,1525,1
498,1526,2
498,1527,3
498,1528,4
499,1529,1
499,457,2
499,1530,3
499,295,4
500,1531,1
500,1532,2
500,1251,3
500,465,4
501,1533,1
501,1534,2
501,1535,3
501,1536,4
502,1537,1
502,1538,2
502,1539,3
502,1540,4
503,208,1
503,1541,2
503,1542,3
503,826,4
504,1514,1
504,1543,2
504,1544,3
504,1545,4
505,1546,1
505,1547,2
505,1548,3
505,1549,4
506,1550,1
506,1,2
506,1551,3
506,1552,4
507,747,1
507,748,2
507,749,3
507,1553,4
508,1554,1
508,828,2
508,829,3
508,1555,4
509,1556,1
509,1557,2
509,678,3
509,1558,4
510,1559,1
510,1560,2
510,1561,3
510,1562,4
511,1563,1
511,1564,2
511,1565,3
511,1566,4
512,1567,1
512,87,2
512,1568,3
512,1156,4
513,493,1
513,1569,2
513,1570,3
513,1571,4
514,827,1
514,1156,2
514,714,3
514,12,4
515,243,1
515,1572,2
515,1573,3
515,453,4
516,1574,1
516,1575,2
516,1576,3
516,1577,4
517,1578,1
517,798,2
517,40,3
517,349,4
518,129,1
518,827,2
518,1579,3
518,1580,4
519,1581,1
519,1582,2
519,1583,3
519,1584,4
520,1585,1
520,1586,2
520,1587,3
520,1588,4
521,1589,1
521,1506,2
521,1590,3
521,552,4
522,1591,1
522,1592,2
522,785,3
522,1593,4
523,1246,1
523,1594,2
523,1595,3
523,1596,4
524,6,1
524,1550,2
524,1597,3
524,1598,4
525,1190,1
525,1132,2
525,1599,3
525,1600,4
526,511,1
526,1601,2
526,1602,3
526,1603,4
527,1604,1
527,1300,2
527,1605,3
527,1606,4
528,1264,1
528,560,2
528,13,3
528,1607,4
529,1326,1
529,1599,2
529,12,3
529,1608,4
530,1609,1
530,1610,2
530,13,3
530,1611,4
531,1612,1
531,1613,2
531,1614,3
531,1615,4
532,1616,1
532,1617,2
532,1618,3
532,1619,4
533,1620,1
533,1621,2
533,1622,3
533,1623,4
534,1300,1
534,8,2
534,1624,3
534,1625,4
535,1303,1
535,1192,2
535,1626,3
535,1627,4
536,1628,1
536,1629,2
536,1630,3
536,1631,4
537,1275,1
537,384,2
537,1299,3
537,17,4
538,1632,1
538,1633,2
538,1634,3
538,1635,4
539,1636,1
539,1637,2
539,1638,3
539,1639,4
540,1640,1
540,1641,2
540,1642,3
540,1643,4
541,896,1
541,1644,2
541,1645,3
541,1646,4
542,1328,1
542,1647,2
542,1648,3
542,1649,4
543,266,1
543,985,2
543,1650,3
543,1651,4
544,280,1
544,1652,2
544,1653,3
544,996,4
545,1654,1
545,1655,2
545,1656,3
545,1657,4
546,397,1
546,1658,2
546,100,3
546,1659,4
547,1660,1
547,986,2
547,1661,3
547,1662,4
548,404,1
548,1383,2
548,1265,3
548,1663,4
549,1664,1
549,1665,2
549,170,3
549,1666,4
550,273,1
550,1007,2
550,1667,3
550,271,4
551,1668,1
551,1669,2
551,1670,3
551,1671,4
552,1483,1
552,1672,2
552,1673,3
552,1674,4
553,974,1
553,1675,2
553,632,3
553,422,4
554,959,1
554,1676,2
554,171,3
554,1677,4
555,1678,1
555,1407,2
555,1679,3
555,1364,4
556,1680,1
556,277,2
556,115,3
556,1681,4
557,1393,1
557,1682,2
557,1683,3
557,1684,4
558,112,1
558,1685,2
558,1686,3
558,1687,4
559,1688,1
559,1689,2
559,1690,3
559,1691,4
560,404,1
560,174,2
560,176,3
560,1692,4
561,173,1
561,1201,2
561,1693,3
561,1694,4
562,622,1
562,1695,2
562,1696,3
562,1697,4
563,404,1
563,1658,2
563,112,3
563,1698,4
564,404,1
564,1699,2
564,1700,3
564,1691,4
565,1701,1
565,1702,2
565,1703,3
565,1704,4
566,1705,1
566,1706,2
566,1707,3
566,1708,4
567,1709,1
567,1710,2
567,1711,3
567,1712,4
568,1685,1
568,1713,2
568,1714,3
568,1715,4
569,1716,1
569,1717,2
569,1718,3
569,1719,4
570,75,1
570,1720,2
570,1721,3
570,1722,4
571,1723,1
571,443,2
571,1724,3
571,1725,4
572,1465,1
572,1726,2
572,1727,3
572,1728,4
573,309,1
573,1116,2
573,1729,3
573,1730,4
574,1731,1
574,1732,2
574,1733,3
574,219,4
575,1734,1
575,1735,2
575,1736,3
575,1737,4
576,1738,1
576,1109,2
576,1739,3
576,1264,4
577,1740,1
577,1741,2
577,1742,3
577,1743,4
578,669,1
578,1723,2
578,1048,3
578,1744,4
579,737,1
579,1745,2
579,75,3
579,28,4
580,439,1
580,1746,2
580,740,3
580,1747,4
581,1748,1
581,1749,2
581,1750,3
581,1751,4
582,1752,1
582,1753,2
582,1754,3
582,1755,4
583,1756,1
583,1757,2
583,1758,3
583,1120,4
584,207,1
584,209,2
584,208,3
584,128,4
585,25,1
585,889,2
585,1759,3
585,1760,4
586,1761,1
586,748,2
586,1762,3
586,1763,4
587,1764,1
587,1765,2
587,1766,3
587,1767,4
588,1768,1
588,1769,2
588,1770,3
588,1771,4
589,1480,1
589,1486,2
589,1772,3
589,1773,4
590,1774,1
590,1775,2
590,1776,3
590,1777,4
591,457,1
591,1044,2
591,484,3
591,1778,4
592,294,1
592,445,2
592,1779,3
592,1780,4
593,1781,1
593,1782,2
593,1783,3
593,1784,4
594,1098,1
594,722,2
594,1768,3
594,1785,4
595,1786,1
595,1530,2
595,1787,3
595,1788,4
596,1789,1
596,1790,2
596,1791,3
596,1792,4
597,40,1
597,349,2
597,1793,3
597,1794,4
598,1106,1
598,1795,2
598,1796,3
598,1797,4
599,1798,1
599,1799,2
599,26,3
599,1251,4
600,764,1
600,1462,2
600,765,3
600,1800,4
601,9,1
601,1801,2
601,1050,3
601,35,4
602,1802,1
602,1803,2
602,1804,3
602,701,4
603,1805,1
603,233,2
603,1806,3
603,1807,4
604,1168,1
604,1055,2
604,541,3
604,344,4
605,40,1
605,1808,2
605,1809,3
605,769,4
606,781,1
606,1810,2
606,1811,3
606,1812,4
607,1813,1
607,1814,2
607,1815,3
607,1816,4
608,1817,1
608,781,2
608,1818,3
608,1819,4
609,1820,1
609,662,2
609,1821,3
609,1822,4
610,21,1
610,1823,2
610,1824,3
610,1825,4
611,1826,1
611,1827,2
611,1828,3
611,232,4
612,1829,1
612,1830,2
612,1831,3
612,1832,4
613,1833,1
613,1834,2
613,1835,3
613,1722,4
614,302,1
614,303,2
614,1836,3
614,1837,4
615,129,1
615,9,2
615,1092,3
615,736,4
616,27,1
616,1838,2
616,1839,3
616,1840,4
617,1841,1
617,1842,2
617,1843,3
617,1844,4
618,1845,1
618,1846,2
618,1847,3
618,1848,4
619,1823,1
619,21,2
619,1824,3
619,1849,4
620,1850,1
620,1851,2
620,1852,3
620,1853,4
621,1083,1
621,1475,2
621,1238,3
621,1761,4
622,1050,1
622,1854,2
622,1449,3
622,382,4
623,1855,1
623,134,2
623,714,3
623,774,4
624,703,1
624,1089,2
624,255,3
624,1856,4
625,336,1
625,1857,2
625,321,3
625,1858,4
626,1859,1
626,1860,2
626,1861,3
626,1862,4
627,1863,1
627,1801,2
627,759,3
627,1864,4
628,1514,1
628,1543,2
628,1823,3
628,1768,4
629,35,1
629,1462,2
629,1865,3
629,1866,4
630,507,1
630,795,2
630,526,3
630,1867,4
631,1219,1
631,302,2
631,1868,3
631,1221,4
632,1083,1
632,1869,2
632,1238,3
632,1797,4
633,100,1
633,1870,2
633,1871,3
633,1872,4
634,1873,1
634,1874,2
634,1875,3
634,1876,4
635,1877,1
635,1878,2
635,714,3
635,1758,4
636,116,1
636,1879,2
636,1061,3
636,153,4
637,1880,1
637,1881,2
637,1882,3
637,1883,4
638,1138,1
638,597,2
638,722,3
638,1050,4
639,214,1
639,1884,2
639,1885,3
639,1886,4
640,1887,1
640,1888,2
640,1889,3
640,1890,4
641,1891,1
641,1892,2
641,1893,3
641,1894,4
642,1895,1
642,1805,2
642,67,3
642,1896,4
643,1897,1
643,237,2
643,1898,3
643,1899,4
644,784,1
644,1900,2
644,1901,3
644,1902,4
645,1855,1
645,1903,2
645,1904,3
645,1905,4
646,1906,1
646,1907,2
646,1555,3
646,1908,4
647,1909,1
647,1910,2
647,1911,3
647,1912,4
648,40,1
648,1913,2
648,1914,3
648,1915,4
649,879,1
649,1916,2
649,1917,3
649,1918,4
650,134,1
650,6,2
650,541,3
650,1919,4
651,734,1
651,1568,2
651,859,3
651,1920,4
652,1921,1
652,1922,2
652,1923,3
652,1924,4
653,31,1
653,325,2
653,1925,3
653,1926,4
654,1927,1
654,1928,2
654,1929,3
654,1930,4
655,784,1
655,24,2
655,1931,3
655,1932,4
656,1933,1
656,1934,2
656,1550,3
656,1259,4
657,1935,1
657,344,2
657,1936,3
657,1937,4
658,1190,1
658,1604,2
658,1938,3
658,1506,4
659,1190,1
659,31,2
659,1939,3
659,1066,4
660,1940,1
660,889,2
660,552,3
660,1941,4
661,1942,1
661,1943,2
661,1944,3
661,1945,4
662,100,1
662,1946,2
662,1947,3
662,1948,4
663,1842,1
663,1949,2
663,1936,3
663,1950,4
664,56,1
664,772,2
664,1951,3
664,827,4
665,13,1
665,141,2
665,1952,3
665,1953,4
666,1954,1
666,1955,2
666,1956,3
666,1957,4
667,1906,1
667,828,2
667,1958,3
667,1959,4
668,1132,1
668,1138,2
668,1960,3
668,1961,4
669,851,1
669,1962,2
669,1963,3
669,1964,4
670,1965,1
670,50,2
670,1966,3
670,1967,4
671,7,1
671,1926,2
671,1211,3
671,1968,4
672,13,1
672,342,2
672,1969,3
672,1970,4
673,1971,1
673,1972,2
673,1973,3
673,1974,4
674,148,1
674,1855,2
674,1281,3
674,2,4
675,1906,1
675,1975,2
675,1976,3
675,1977,4
676,162,1
676,163,2
676,164,3
676,1978,4
677,558,1
677,879,2
677,453,3
677,1979,4
678,151,1
678,915,2
678,1980,3
678,1981,4
679,1982,1
679,1983,2
679,1984,3
679,1985,4
680,148,1
680,1986,2
680,1987,3
680,1988,4
681,1989,1
681,1990,2
681,93,3
681,94,4
682,1991,1
682,774,2
682,1992,3
682,875,4
683,1993,1
683,1994,2
683,1995,3
683,1996,4
684,1997,1
684,1998,2
684,1999,3
684,2000,4
685,2001,1
685,2002,2
685,2003,3
685,2004,4
686,1251,1
686,1621,2
686,255,3
686,2005,4
687,2006,1
687,2007,2
687,540,3
687,2008,4
688,13,1
688,2009,2
688,2010,3
688,2011,4
689,2012,1
689,2013,2
689,2014,3
689,2015,4
690,1275,1
690,1532,2
690,2016,3
690,2017,4
691,755,1
691,2018,2
691,2006,3
691,2019,4
692,44,1
692,2020,2
692,2021,3
692,2022,4
693,560,1
693,12,2
693,541,3
693,2023,4
694,558,1
694,910,2
694,2024,3
694,254,4
695,2025,1
695,2026,2
695,2027,3
695,2028,4
696,2029,1
696,2030,2
696,2031,3
696,2032,4
697,253,1
697,1212,2
697,1661,3
697,2033,4
698,2034,1
698,2035,2
698,2036,3
698,2037,4
699,1308,1
699,2038,2
699,2039,3
699,2040,4
700,1275,1
700,553,2
700,2041,3
700,2042,4
701,1383,1
701,2043,2
701,2044,3
701,2045,4
702,605,1
702,1660,2
702,1658,3
702,2046,4
703,2047,1
703,916,2
703,2048,3
703,558,4
704,1383,1
704,2049,2
704,1398,3
704,2050,4
705,1338,1
705,2051,2
705,2052,3
705,2053,4
706,2054,1
706,2055,2
706,2056,3
706,2057,4
707,2058,1
707,2059,2
707,2060,3
707,2061,4
708,2062,1
708,2063,2
708,2064,3
708,2065,4
709,2066,1
709,2067,2
709,2068,3
709,2069,4
710,2070,1
710,959,2
710,2071,3
710,2072,4
711,173,1
711,422,2
711,1201,3
711,114,4
712,173,1
712,1201,2
712,2073,3
712,2074,4
713,1405,1
713,425,2
713,2075,3
713,2076,4
714,959,1
714,2077,2
714,2078,3
714,1411,4
715,2079,1
715,2065,2
715,2080,3
715,2081,4
716,1658,1
716,404,2
716,2082,3
716,2083,4
717,2084,1
717,272,2
717,2085,3
717,1390,4
718,1706,1
718,1708,2
718,1707,3
718,2086,4
719,2087,1
719,2088,2
719,2089,3
719,2090,4
720,2085,1
720,2091,2
720,2084,3
720,2092,4
721,2093,1
721,2094,2
721,2095,3
721,2096,4
722,2097,1
722,2098,2
722,2099,3
722,2100,4
723,1111,1
723,774,2
723,1112,3
723,1452,4
724,2101,1
724,1134,2
724,2102,3
724,2103,4
725,2104,1
725,2105,2
725,2106,3
725,769,4
726,1208,1
726,2107,2
726,2108,3
726,1514,4
727,2109,1
727,2110,2
727,2111,3
727,2112,4
728,1468,1
728,2113,2
728,2114,4
729,2115,1
729,2116,2
729,2117,3
729,2118,4
730,1833,1
730,1756,2
730,2119,3
730,2120,4
731,289,1
731,2121,2
731,25,3
731,12,4
732,2122,1
732,2123,2
732,2124,3
732,859,4
733,2125,1
733,2126,2
733,1726,3
733,2127,4
734,721,1
734,2128,2
734,36,3
734,2129,4
735,2130,1
735,2131,2
735,2132,3
735,2133,4
736,2134,1
736,439,2
736,471,3
736,2135,4
737,2136,1
737,2137,2
737,2138,3
737,2139,4
738,207,1
738,209,2
738,25,3
738,128,4
739,710,1
739,2140,2
739,2141,3
739,1045,4
740,2142,1
740,2143,2
740,2144,3
740,2145,4
741,2146,1
741,2147,2
741,2148,3
741,2149,4
742,826,1
742,78,2
742,722,3
742,2150,4
743,130,1
743,2151,2
743,770,3
743,2152,4
744,1068,1
744,722,2
744,1926,3
744,2153,4
745,2154,1
745,1086,2
745,2155,3
745,2156,4
746,2157,1
746,1531,2
746,540,3
746,2158,4
747,1512,1
747,1513,2
747,1089,3
747,1082,4
748,2159,1
748,2160,2
748,2161,3
748,2162,4
749,2163,1
749,702,2
749,2164,3
749,1055,4
750,1475,1
750,716,2
750,2165,3
750,1551,4
751,2128,1
751,1088,2
751,2166,3
751,2167,4
752,1168,1
752,773,2
752,2168,3
752,1170,4
753,1088,1
753,2165,2
753,13,3
753,2169,4
754,343,1
754,1449,2
754,807,3
754,2043,4
755,2170,1
755,32,2
755,2171,3
755,1065,4
756,747,1
756,748,2
756,749,3
756,1768,4
757,1462,1
757,87,2
757,27,3
757,2172,4
758,2173,1
758,2174,2
758,1551,3
758,455,4
759,810,1
759,1874,2
759,2175,3
759,2176,4
760,2177,1
760,2178,2
760,2179,3
760,2180,4
761,2181,1
761,2182,2
761,2183,3
761,2184,4
762,2185,1
762,2186,2
762,2187,3
762,2188,4
763,2189,1
763,2190,2
763,2191,3
763,2192,4
764,2193,1
764,2194,2
764,2195,3
764,2196,4
765,2197,1
765,1098,2
765,1472,3
765,2198,4
766,302,1
766,2199,2
766,2109,3
766,2200,4
767,1475,1
767,1469,2
767,2201,3
767,218,4
768,734,1
768,208,2
768,210,3
768,2184,4
769,2202,1
769,29,2
769,2,3
769,2152,4
770,321,1
770,2203,2
770,2204,3
770,2205,4
771,2206,1
771,2207,2
771,2208,3
771,533,4
772,2209,1
772,2210,2
772,2211,3
772,2212,4
773,2213,1
773,231,2
773,2214,3
773,2215,4
774,734,1
774,10,2
774,1749,3
774,2216,4
775,134,1
775,9,2
775,2217,3
775,1099,4
776,777,1
776,2157,2
776,1142,3
776,2218,4
777,2219,1
777,2220,2
777,2221,3
777,2222,4
778,87,1
778,1567,2
778,756,3
778,2223,4
779,9,1
779,1759,2
779,2224,3
779,2225,4
780,216,1
780,2226,2
780,218,3
780,2227,4
781,1251,1
781,128,2
781,2228,3
781,2229,4
782,747,1
782,748,2
782,749,3
782,2230,4
783,1855,1
783,801,2
783,2231,3
783,2232,4
784,2231,1
784,2233,2
784,2234,3
784,2235,4
785,1208,1
785,34,2
785,2236,3
785,2237,4
786,2238,1
786,2239,2
786,2240,3
786,2241,4
787,717,1
787,2242,2
787,2243,3
787,2244,4
788,1771,1
788,2207,2
788,1145,3
788,2245,4
789,1550,1
789,374,2
789,2231,3
789,1599,4
790,2246,1
790,1532,2
790,1568,3
790,1865,4
791,2202,1
791,832,2
791,88,3
791,761,4
792,40,1
792,2247,2
792,2248,3
792,2249,4
793,1232,1
793,2250,2
793,2251,3
793,2252,4
794,2253,1
794,2254,2
794,2255,3
794,2256,4
795,2257,1
795,2258,2
795,2259,3
795,2260,4
796,1531,1
796,35,2
796,1070,3
796,87,4
797,2261,1
797,2262,2
797,2263,3
797,2264,4
798,825,1
798,1531,2
798,2265,3
798,2266,4
799,1067,1
799,144,2
799,889,3
799,2267,4
800,2268,1
800,2269,2
800,2270,3
800,2271,4
801,2272,1
801,1228,2
801,2273,3
801,2274,4
802,2275,1
802,2276,2
802,760,3
802,2277,4
803,1855,1
803,784,2
803,2007,3
803,878,4
804,465,1
804,1251,2
804,815,3
804,2278,4
805,2279,1
805,2280,2
805,2281,3
805,2282,4
806,2283,1
806,1924,2
806,769,3
806,2003,4
807,59,1
807,1913,2
807,1864,3
807,1965,4
808,26,1
808,2284,2
808,144,3
808,2285,4
809,2286,1
809,2287,2
809,2288,3
809,2289,4
810,6,1
810,1190,2
810,358,3
810,2290,4
811,1106,1
811,2291,2
811,2292,3
811,2293,4
812,755,1
812,819,2
812,36,3
812,2294,4
813,2295,1
813,1342,2
813,1108,3
813,325,4
814,2296,1
814,2297,2
814,2298,3
814,2299,4
815,2300,1
815,2301,2
815,856,3
815,2302,4
816,2303,1
816,154,3
816,2304,4
817,2305,1
817,2306,2
817,2307,3
817,2308,4
818,1252,1
818,827,2
818,1,3
818,2309,4
819,40,1
819,1855,2
819,2310,3
819,2311,4
820,12,1
820,2312,2
820,2313,3
820,2314,4
821,1855,1
821,2315,2
821,2316,3
821,2317,4
822,511,1
822,1241,2
822,2318,3
822,2319,4
823,2320,1
823,2321,2
823,2322,3
823,2323,4
824,6,1
824,400,2
824,2324,3
824,2043,4
825,1208,1
825,59,2
825,2325,3
825,1551,4
826,1926,1
826,2326,2
826,2327,3
826,2328,4
827,825,1
827,2265,2
827,807,3
827,2329,4
828,825,1
828,140,2
828,1191,3
828,2265,4
829,2330,1
829,163,2
829,2331,3
829,2332,4
830,2333,1
830,2334,2
830,2335,3
830,2336,4
831,2337,1
831,2338,2
831,1553,3
831,2339,4
832,2340,1
832,2341,2
832,397,3
832,2342,4
833,9,1
833,2003,2
833,2343,3
833,2344,4
834,560,1
834,1589,2
834,2345,3
834,2346,4
835,2347,1
835,2348,2
835,1590,3
835,859,4
836,1326,1
836,2349,2
836,146,3
836,2350,4
837,2351,1
837,2352,2
837,2353,3
837,2354,4
838,1300,1
838,1326,2
838,2355,3
838,2356,4
839,383,1
839,2357,2
839,1299,3
839,406,4
840,2358,1
840,1515,2
840,2359,3
840,2360,4
841,912,1
841,2361,2
841,2044,3
841,2022,4
842,1797,1
842,2362,2
842,2363,3
842,2364,4
843,2365,1
843,2366,2
843,2367,3
843,2368,4
844,2369,1
844,2370,2
844,2371,3
844,2372,4
845,2373,1
845,1431,2
845,2374,3
845,2375,4
846,2376,1
846,2377,2
846,1298,3
846,2378,4
847,1300,1
847,8,2
847,2379,3
847,2380,4
848,1265,1
848,385,2
848,17,3
848,2381,4
849,2382,1
849,1308,2
849,2383,3
849,2384,4
850,6,1
850,2385,2
850,2386,3
850,2387,4
851,2388,1
851,2389,2
851,2390,3
851,2391,4
852,553,1
852,1579,2
852,520,3
852,2392,4
853,558,1
853,1303,2
853,1640,3
853,2393,4
854,44,1
854,2394,2
854,2395,3
854,2396,4
855,1335,1
855,44,2
855,2397,3
855,2398,4
856,400,1
856,1265,2
856,18,3
856,2399,4
857,960,1
857,1652,2
857,166,3
857,1327,4
858,1137,1
858,2400,2
858,2401,3
858,2402,4
859,2403,1
859,2404,2
859,385,3
859,2405,4
860,1137,1
860,2406,2
860,2407,3
860,1356,4
861,2408,1
861,399,2
861,2409,3
861,2410,4
862,560,1
862,2411,2
862,2412,3
862,2413,4
863,2414,1
863,2415,2
863,2326,3
863,84,4
864,599,1
864,1371,2
864,2416,3
864,2417,4
865,2418,1
865,2419,2
865,1003,3
865,2420,4
866,1675,1
866,596,2
866,166,3
866,45,4
867,2421,1
867,998,2
867,2422,3
867,2423,4
868,2424,1
868,2425,2
868,2426,3
868,2427,4
869,1678,1
869,2428,2
869,2429,3
869,2430,4
870,103,1
870,265,2
870,2431,3
870,2432,4
871,173,1
871,1383,2
871,280,3
871,2433,4
872,959,1
872,1689,2
872,2434,3
872,1677,4
873,2435,1
873,2436,2
873,2437,3
873,2438,4
874,173,1
874,1658,2
874,2439,3
874,2440,4
875,2441,1
875,2442,2
875,276,3
875,1363,4
876,2443,1
876,2444,2
876,2445,3
876,2446,4
877,176,1
877,2447,2
877,2448,3
877,2076,4
878,210,1
878,76,2
878,1,3
878,2449,4
879,2450,1
879,2451,2
879,2452,3
879,2453,4
880,31,1
880,35,2
880,506,3
880,767,4
881,2454,1
881,2455,2
881,2456,3
881,2457,4
882,2458,1
882,2459,2
882,879,3
882,2460,4
883,2461,1
883,216,2
883,674,3
883,2462,4
884,209,1
884,2463,2
884,2464,3
884,1109,4
885,2465,1
885,2466,2
885,2467,3
885,2468,4
886,2469,1
886,2470,2
886,2471,3
886,2472,4
887,2473,1
887,2474,2
887,2475,3
887,2476,4
888,1086,1
888,1089,2
888,1091,3
888,1087,4
889,2123,1
889,719,2
889,2477,3
889,2478,4
890,774,1
890,119,2
890,826,3
890,337,4
891,40,1
891,1733,2
891,2479,3
891,2179,4
892,1193,1
892,1194,2
892,2480,3
892,2481,4
893,1261,1
893,2482,2
893,1781,3
893,2483,4
894,1482,1
894,774,2
894,333,3
894,719,4
895,2461,1
895,912,2
895,2484,3
895,2485,4
896,2486,1
896,2487,2
896,2488,3
896,2489,4
897,1512,1
897,2217,2
897,826,3
897,2490,4
898,1170,1
898,2491,2
898,2492,3
898,2493,4
899,144,1
899,2494,2
899,1849,3
899,2495,4
900,659,1
900,2496,2
900,1180,3
900,2497,4
901,1078,1
901,2498,2
901,2499,3
901,2500,4
902,734,1
902,2501,2
902,2502,3
902,2503,4
903,707,1
903,2504,2
903,195,3
903,2189,4
904,2505,1
904,1088,2
904,1941,3
904,2506,4
905,771,1
905,826,2
905,87,3
905,2507,4
906,2508,1
906,2509,2
906,2510,3
906,2511,4
907,2512,1
907,1801,2
907,2513,3
907,2514,4
908,32,1
908,2515,2
908,2502,3
908,1110,4
909,2516,1
909,2246,2
909,1065,3
909,2517,4
910,2518,1
910,2519,2
910,2520,3
910,2521,4
911,35,1
911,41,2
911,505,3
911,760,4
912,2522,1
912,2523,2
912,2524,3
912,1910,4
913,2163,1
913,1051,2
913,454,3
913,2525,4
914,2526,1
914,2470,2
914,2527,3
914,2528,4
915,208,1
915,1931,2
915,722,3
915,2529,4
916,2530,1
916,2157,2
916,2531,3
916,2532,4
917,2533,1
917,2534,2
917,2535,3
917,2536,4
918,1141,1
918,2537,2
918,454,3
918,2538,4
919,1574,1
919,20,2
919,2291,3
919,2539,4
920,2540,1
920,2541,2
920,2542,3
920,21,4
921,2543,1
921,2544,2
921,725,3
921,2545,4
922,1855,1
922,1156,2
922,99,3
922,541,4
923,2,1
923,540,2
923,1748,3
923,2546,4
924,2150,1
924,2547,2
924,2548,3
924,1158,4
925,1554,1
925,2549,2
925,2550,3
925,2551,4
926,36,1
926,2552,2
926,1185,3
926,2553,4
927,1771,1
927,2554,2
927,2555,3
927,2556,4
928,747,1
928,748,2
928,749,3
928,750,4
929,765,1
929,2557,2
929,2558,3
929,1770,4
930,128,1
930,2559,2
930,500,3
930,1084,4
931,2560,1
931,2561,2
931,2562,3
931,2563,4
932,2246,1
932,784,2
932,336,3
932,2564,4
933,1281,1
933,2565,2
933,1993,3
933,2566,4
934,760,1
934,2207,2
934,1749,3
934,769,4
935,2567,1
935,32,2
935,2568,3
935,2569,4
936,2204,1
936,2150,2
936,2570,3
936,2571,4
937,328,1
937,2572,2
937,99,3
937,2573,4
938,2574,1
938,2575,2
938,2576,3
938,2577,4
939,1550,1
939,333,2
939,1574,3
939,2578,4
940,67,1
940,2579,2
940,2580,3
940,2581,4
941,1190,1
941,325,2
941,1342,3
941,2232,4
942,36,1
942,2582,2
942,760,3
942,2537,4
943,2583,1
943,2584,2
943,2585,3
943,2586,4
944,2587,1
944,2168,2
944,2588,3
944,2589,4
945,2189,1
945,2590,2
945,2591,3
945,1927,4
946,558,1
946,1541,2
946,2592,3
946,2593,4
947,518,1
947,214,2
947,2594,3
947,2595,4
948,747,1
948,749,2
948,559,3
948,2596,4
949,1054,1
949,2588,2
949,727,3
949,2597,4
950,1190,1
950,2280,2
950,1567,3
950,2598,4
951,1931,1
951,540,2
951,2599,3
951,2600,4
952,1208,1
952,1516,2
952,2207,3
952,615,4
953,1855,1
953,2601,2
953,1934,3
953,723,4
954,9,1
954,1576,2
954,2602,3
954,2603,4
955,1567,1
955,1232,2
955,2604,3
955,2605,4
956,1897,1
956,1550,2
956,497,3
956,2606,4
957,2607,1
957,2608,2
957,1923,3
957,2609,4
958,1190,1
958,333,2
958,2610,3
958,2611,4
959,2612,1
959,229,2
959,2613,3
959,2614,4
960,2553,1
960,2615,2
960,337,3
960,2616,4
961,13,1
961,1551,2
961,35,3
961,2617,4
962,2449,1
962,1506,2
962,2618,3
962,2619,4
963,1946,1
963,325,2
963,2620,3
963,326,4
964,26,1
964,149,2
964,25,3
964,1270,4
965,1190,1
965,2621,2
965,165,3
965,2622,4
966,44,1
966,1532,2
966,2623,3
966,2624,4
967,40,1
967,1464,2
967,1551,3
967,42,4
968,1592,1
968,785,2
968,2625,3
968,2626,4
969,1933,1
969,14,2
969,1608,3
969,2627,4
970,2628,1
970,1902,2
970,75,3
970,2629,4
971,53,1
971,1500,2
971,2630,3
971,2631,4
972,2632,1
972,2633,2
972,1581,3
972,2634,4
973,2635,1
973,2636,2
973,2573,3
973,2637,4
974,2638,1
974,53,2
974,2639,3
974,2640,4
975,6,1
975,8,2
975,2641,3
975,913,4
976,806,1
976,2642,2
976,57,3
976,2290,4
977,1261,1
977,2643,2
977,2644,3
977,2645,4
978,2646,1
978,2647,2
978,2648,3
978,2649,4
979,2650,1
979,1623,2
979,2651,3
979,1613,4
980,352,1
980,1993,2
980,2652,3
980,2653,4
981,825,1
981,2654,2
981,453,3
981,2655,4
982,1658,1
982,15,2
982,2656,3
982,2657,4
983,352,1
983,2658,2
983,2659,3
983,2660,4
984,2661,1
984,2662,2
984,2663,3
984,2664,4
985,2665,1
985,2666,2
985,2667,3
985,2668,4
986,44,1
986,354,2
986,2669,3
986,2670,4
987,2671,1
987,257,2
987,2672,3
987,2673,4
988,2674,1
988,2675,2
988,2676,3
988,2677,4
989,1304,1
989,2678,2
989,2679,3
989,1617,4
990,2680,1
990,2681,2
990,267,3
990,2682,4
991,986,1
991,1663,2
991,2683,3
991,2684,4
992,44,1
992,2685,2
992,350,3
992,2686,4
993,2687,1
993,2688,2
993,2689,3
993,2690,4
994,2691,1
994,2692,2
994,2693,3
994,1659,4
995,2694,1
995,2695,2
995,2696,3
995,2697,4
996,1383,1
996,2698,2
996,2436,3
996,2699,4
997,1334,1
997,2700,2
997,1678,3
997,2701,4
998,606,1
998,2071,2
998,2062,3
998,113,4
999,2702,1
999,2703,2
999,2704,3
999,2705,4
1000,2706,1
1000,2707,2
1000,2708,3
1000,2709,4
