genre_name,movie_count,gross_film_count,avg_rating,avg_gross
War,51,37,8.01,38078294.0
Western,20,16,8.0,53518838.0
Film-Noir,19,11,7.99,4872073.0
Sci-Fi,67,61,7.98,148026397.0
Mystery,99,84,7.97,41274382.0
Drama,724,597,7.96,46059669.0
Action,189,156,7.95,141239283.0
Adventure,196,170,7.95,165731279.0
Crime,209,171,7.95,40680140.0
History,56,43,7.95,55539532.0
Musical,17,14,7.95,20199326.0
Biography,109,96,7.94,55256019.0
Animation,82,67,7.93,127967528.0
Fantasy,66,56,7.93,108616842.0
Romance,125,107,7.93,40358847.0
Sport,19,19,7.93,53672020.0
Family,56,48,7.91,92932657.0
Music,35,33,7.91,32919690.0
Thriller,137,110,7.91,58676627.0
Comedy,233,191,7.9,64125296.0
Horror,32,22,7.89,40002359.0
