star_name,film_count,avg_rating,avg_votes,avg_gross
Robert Downey Jr.,7,7.97,793967.0,447010463.0
Chris Evans,6,7.9,670740.0,389944072.0
Mark Ruffalo,7,8.04,615558.0,343065928.0
Daniel Radcliffe,6,7.77,579623.0,305983506.0
Rupert Grint,6,7.77,579623.0,305983506.0
Ian McKellen,7,8.21,1009054.0,267124131.0
Emma Watson,7,7.83,489293.0,234880753.0
Harrison Ford,8,8.26,792634.0,209558907.0
Tom Hanks,14,8.04,669583.0,207397499.0
Tom Hardy,5,8.1,819059.0,197573122.0
Leonardo DiCaprio,11,8.13,980200.0,186299764.0
Viggo Mortensen,5,8.26,784671.0,165693466.0
Gary Oldman,6,7.98,594903.0,162026289.0
Scarlett Johansson,9,7.9,617511.0,159979283.0
Kate Winslet,5,7.8,459004.0,158600721.0
Matt Damon,11,8.01,621853.0,157140145.0
Samuel L. Jackson,6,7.95,781889.0,151921344.0
Christian Bale,11,8.05,778720.0,146949035.0
Joaquin Phoenix,5,8.18,678002.0,138355057.0
Alec Guinness,5,8.14,352794.0,137490761.0
Tom Cruise,7,7.8,399703.0,129449288.0
Michael Caine,9,8.08,673832.0,128757710.0
Christopher Plummer,6,7.87,336986.0,110790222.0
Ed Harris,6,7.83,518042.0,110609204.0
Josh Brolin,6,7.77,400341.0,109295428.0
Bruce Willis,7,8.04,746672.0,107235764.0
Kevin Bacon,6,7.7,309930.0,103235794.0
Jack Nicholson,6,8.18,635245.0,101203313.0
Russell Crowe,7,8.03,534233.0,99635911.0
John Goodman,5,7.9,492914.0,98853237.0
Dustin Hoffman,6,7.92,197646.0,93109560.0
Brad Pitt,12,8.02,762061.0,87519387.0
Ryan Gosling,5,7.88,484508.0,85895835.0
Jeff Bridges,7,7.79,335115.0,83261223.0
Sean Connery,5,7.86,259055.0,82919202.0
Matthew McConaughey,6,8.0,610394.0,77647025.0
Denzel Washington,9,7.71,241606.0,76874423.0
Joe Pesci,6,8.03,454954.0,76391515.0
Bill Murray,6,7.82,339365.0,72957526.0
Diane Keaton,6,8.23,588237.0,68766495.0
Rachel McAdams,6,7.78,378600.0,68094163.0
Catherine Keener,5,7.78,376543.0,65487345.0
Kevin Spacey,5,8.3,874632.0,64638086.0
Paul Newman,6,8.02,126935.0,59663498.0
Johnny Depp,9,7.73,323485.0,59459246.0
Robert De Niro,17,8.12,458073.0,58921542.0
Morgan Freeman,7,8.19,781858.0,57105924.0
Jennifer Connelly,5,7.94,472305.0,52892493.0
Clint Eastwood,12,7.96,279404.0,51721819.0
Katharine Hepburn,6,7.78,47748.0,49699631.0
Al Pacino,13,8.08,469109.0,49324030.0
Julianne Moore,6,7.9,339485.0,48649090.0
Anthony Hopkins,5,8.04,327465.0,45275747.0
Willem Dafoe,5,7.86,165863.0,44766172.0
Sean Penn,6,7.75,250939.0,44734997.0
Gene Hackman,6,7.82,173682.0,41635222.0
Jake Gyllenhaal,7,7.83,415363.0,40638938.0
Audrey Hepburn,6,7.8,89360.0,34341776.0
Jack Lemmon,5,7.98,135563.0,33851592.0
Edward Norton,7,7.97,617572.0,32450209.0
Tabu,5,8.14,166090.0,32000514.0
Frances McDormand,5,7.92,295720.0,29682902.0
Woody Allen,5,7.84,102769.0,28738330.0
Ethan Hawke,9,7.89,270774.0,28524884.0
William Holden,6,8.03,122978.0,28486236.0
Philip Seymour Hoffman,6,7.77,190501.0,23402325.0
Ethan Coen,6,7.82,327269.0,16834619.0
Tony Chiu-Wai Leung,5,7.98,105212.0,14303481.0
James Stewart,10,8.14,172429.0,12333523.0
John Wayne,6,7.88,51986.0,11542500.0
Cary Grant,7,7.96,99668.0,9377397.0
Aamir Khan,8,8.24,145745.0,4761731.0
Julie Delpy,5,7.92,160857.0,4452056.0
Tatsuya Nakadai,6,8.25,60892.0,4135750.0
Humphrey Bogart,9,7.96,121094.0,3044548.0
Charles Chaplin,6,8.33,138907.0,2274180.0
Shah Rukh Khan,6,8.05,71956.0,2212918.0
Akshay Kumar,5,8.06,53122.0,1001295.0
Toshirô Mifune,7,8.24,104062.0,182815.0
