director,film_count,gross_film_count,total_gross,avg_gross
Anthony Russo,4,4,2205039403,551259851.0
J.J. Abrams,3,3,1423170905,474390302.0
James Cameron,5,5,1748236602,349647320.0
David Yates,3,3,978953721,326317907.0
Peter Jackson,5,5,1597312443,319462489.0
Pete Docter,4,3,939382131,313127377.0
Brad Bird,4,4,1099627795,274906949.0
Christopher Nolan,8,8,1937454106,242181763.0
Robert Zemeckis,5,5,1049446456,209889291.0
Ron Clements,3,3,577650742,192550247.0
Steven Spielberg,13,13,2478133165,190625628.0
Sam Mendes,4,4,698139284,174534821.0
Paul Greengrass,3,3,510813866,170271289.0
Bryan Singer,3,3,473691144,157897048.0
James Mangold,4,4,517027414,129256854.0
Ridley Scott,6,6,766711423,127785237.0
Alfonso Cuarón,6,5,582645455,116529091.0
Taika Waititi,3,3,320610426,106870142.0
Ang Lee,4,4,379292432,94823108.0
Quentin Tarantino,8,8,727034316,90879290.0
Ron Howard,5,5,451770965,90354193.0
Matthew Vaughn,4,4,361376270,90344068.0
David Fincher,8,8,713314479,89164310.0
Guy Ritchie,4,3,243254404,81084801.0
John McTiernan,3,3,242756899,80918966.0
Clint Eastwood,8,8,592692644,74086581.0
Francis Ford Coppola,5,5,346823984,69364797.0
Danny Boyle,3,3,202886628,67628876.0
David Lean,4,3,201454144,67151381.0
Edward Zwick,3,3,195306837,65102279.0
Mel Gibson,3,3,193676250,64558750.0
Alejandro G. Iñárritu,4,4,247652802,61913201.0
Denis Villeneuve,5,5,307348989,61469798.0
Michael Mann,3,3,171907871,57302624.0
John Hughes,3,3,165541820,55180607.0
Rob Reiner,7,7,380526843,54360978.0
Martin Scorsese,10,10,538319198,53831920.0
Brian De Palma,3,3,158817758,52939253.0
Norman Jewison,3,3,155548884,51849628.0
Franklin J. Schaffner,3,3,148362426,49454142.0
Edgar Wright,3,3,145006001,48335334.0
Darren Aronofsky,3,3,136826763,45608921.0
Spike Lee,4,4,177289691,44322423.0
Tim Burton,3,3,128506811,42835604.0
Wes Anderson,6,6,227100163,37850027.0
Sidney Lumet,5,4,138160000,34540000.0
Alejandro Amenábar,3,3,98977266,32992422.0
Woody Allen,9,8,245575280,30696910.0
Stanley Kubrick,9,6,183813669,30635612.0
Alan Parker,3,3,91848150,30616050.0
Paul Thomas Anderson,3,3,89079130,29693043.0
Spike Jonze,3,3,70673038,23557679.0
Roman Polanski,5,3,63497310,21165770.0
Fred Zinnemann,4,4,84356255,21089064.0
Tom McCarthy,3,3,60217574,20072525.0
Terry Gilliam,4,4,78980066,19745017.0
Jim Sheridan,3,3,55293067,18431022.0
Bong Joon Ho,3,3,53929267,17976422.0
Joel Coen,6,6,101007715,16834619.0
Alfred Hitchcock,14,9,119109404,13234378.0
Billy Wilder,9,6,70924893,11820816.0
Richard Linklater,6,6,55735706,9289284.0
Sergio Leone,6,6,46939706,7823284.0
Pedro Almodóvar,3,3,20734607,6911536.0
Federico Fellini,5,3,20318735,6772912.0
Howard Hawks,7,3,19371000,6457000.0
Rajkumar Hirani,4,3,19366573,6455524.0
David Lynch,5,4,25771214,6442804.0
Hayao Miyazaki,11,7,39043577,5577654.0
Giuseppe Tornatore,3,3,12334961,4111654.0
Lars von Trier,3,3,9755113,3251704.0
Ingmar Bergman,7,3,8239688,2746563.0
Asghar Farhadi,4,4,10937817,2734454.0
John Huston,5,3,7658178,2552726.0
Charles Chaplin,6,5,11370901,2274180.0
Krzysztof Kieslowski,4,4,8833240,2208310.0
Jim Jarmusch,3,3,4489657,1496552.0
Akira Kurosawa,10,4,4556619,1139155.0
Chan-wook Park,4,3,2759558,919853.0
Andrey Zvyagintsev,3,3,2161184,720395.0
Satoshi Kon,3,3,1786952,595651.0
Emir Kusturica,3,3,799757,266586.0
Andrei Tarkovsky,5,3,514089,171363.0
