director,film_count,avg_rating,avg_votes
Christopher Nolan,8,8.46,1447293.0
Peter Jackson,5,8.4,1229716.0
Quentin Tarantino,8,8.18,1015401.0
James Cameron,5,8.08,922621.0
David Fincher,8,8.04,825982.0
Robert Zemeckis,5,8.12,811093.0
Francis Ford Coppola,5,8.4,763027.0
Anthony Russo,4,8.07,761066.0
Ridley Scott,6,8.08,723315.0
Bryan Singer,3,8.13,700440.0
Martin Scorsese,10,8.17,651353.0
J.J. Abrams,3,7.83,633782.0
Pete Docter,4,8.13,631603.0
Danny Boyle,3,7.9,603484.0
Steven Spielberg,13,8.03,601320.0
Sam Mendes,4,8.0,593259.0
Darren Aronofsky,3,8.07,585319.0
David Yates,3,7.8,572813.0
Mel Gibson,3,8.07,562042.0
Guy Ritchie,4,7.97,534442.0
John McTiernan,3,7.87,509657.0
Matthew Vaughn,4,7.65,503767.0
Paul Greengrass,3,7.83,486926.0
Edgar Wright,3,7.77,471707.0
Denis Villeneuve,5,7.98,435693.0
Stanley Kubrick,9,8.23,435473.0
Alejandro G. Iñárritu,4,7.85,433542.0
Brad Bird,4,7.9,430208.0
Brian De Palma,3,8.03,407918.0
Terry Gilliam,4,7.92,381660.0
Ron Howard,5,7.92,366082.0
James Mangold,4,7.92,365544.0
Paul Thomas Anderson,3,8.03,348858.0
Alfonso Cuarón,6,7.75,345865.0
Spike Jonze,3,7.8,343960.0
Tim Burton,3,7.9,342508.0
Edward Zwick,3,7.83,340756.0
Clint Eastwood,8,7.91,335478.0
Taika Waititi,3,7.9,332392.0
Joel Coen,6,7.82,327269.0
Ang Lee,4,7.75,314909.0
Wes Anderson,6,7.83,300217.0
Michael Mann,3,7.9,295803.0
Ron Clements,3,7.73,294775.0
Sergio Leone,6,8.27,293956.0
John Hughes,3,7.73,267727.0
Roman Polanski,5,8.0,261256.0
Bong Joon Ho,3,8.17,248365.0
Sidney Lumet,5,8.1,243289.0
Rob Reiner,7,7.83,226193.0
Hayao Miyazaki,11,8.02,213520.0
Richard Linklater,6,7.9,201957.0
Alfred Hitchcock,14,8.01,192613.0
David Lynch,5,7.86,187299.0
Chan-wook Park,4,7.97,179569.0
Tom McCarthy,3,7.77,176410.0
Spike Lee,4,7.72,171178.0
Frank Capra,4,8.2,167984.0
Alejandro Amenábar,3,7.77,159762.0
Rajkumar Hirani,4,8.18,156159.0
David Lean,4,8.1,144263.0
Charles Chaplin,6,8.33,138907.0
Woody Allen,9,7.79,135834.0
William Wyler,3,8.03,134660.0
Giuseppe Tornatore,3,8.13,132727.0
Thomas Vinterberg,3,8.03,131298.0
Franklin J. Schaffner,3,7.97,126845.0
Billy Wilder,9,8.14,115323.0
Pedro Almodóvar,3,7.77,110903.0
Don Siegel,3,7.67,103287.0
Lars von Trier,3,7.93,100892.0
Isao Takahata,3,8.03,100349.0
Terrence Malick,3,7.73,97190.0
Akira Kurosawa,10,8.22,94160.0
Elia Kazan,3,8.0,93867.0
Asghar Farhadi,4,7.97,90512.0
Jim Sheridan,3,7.9,88440.0
John Huston,5,7.9,83325.0
Alan Parker,3,7.83,79319.0
Michael Haneke,3,7.77,75621.0
Ingmar Bergman,7,8.14,72296.0
Krzysztof Kieslowski,4,7.85,71833.0
Kar-Wai Wong,3,7.97,71311.0
Norman Jewison,3,7.83,66284.0
Jim Jarmusch,3,7.73,64546.0
Andrei Tarkovsky,5,8.12,63344.0
Federico Fellini,5,8.0,63323.0
John Ford,5,7.9,62600.0
Neeraj Pandey,4,7.97,54556.0
Satoshi Kon,3,7.83,53743.0
Fred Zinnemann,4,7.75,52316.0
Howard Hawks,7,7.86,46923.0
James Whale,3,7.77,46522.0
Stanley Kramer,3,8.03,45451.0
Emir Kusturica,3,8.13,44161.0
Andrey Zvyagintsev,3,7.73,40520.0
Luis Buñuel,3,7.9,36231.0
